client_id,client_type,first_name,last_name,date_of_birth,gender,country,region,acquisition_purpose,satisfaction_score,loan_applied,referral_channel
C0001,Individual,Kareem,Liu,05-11-1968,F,USA,California,Home,4,Yes,Website
C0002,Individual,Trystan,Oconnor,11/26/1962,M,USA,California,Home,1,No,Website
C0003,Individual,Kale,Gay,04-07-1959,M,USA,California,Home,4,Yes,Agency
C0004,Individual,Russell,Gross,11/25/1959,M,USA,California,Home,5,No,Website
C0005,Company,Marleez,Co,2/28/1976,M,USA,California,Investment,5,No,Website
C0006,Individual,Yurem,Wright,03-06-1957,M,USA,California,Home,3,Yes,Website
C0007,Individual,Xavier,Faulkner,5/24/1947,M,Canada,Quebec,Investment,5,No,Website
C0008,Individual,Kayden,Olsen,10/17/1969,F,USA,California,Home,5,No,Website
C0009,Individual,Joaquin,Mullins,10-05-1975,M,USA,California,Investment,5,No,Agency
C0010,Individual,Nicolas,Navarro,6/17/1966,M,USA,Oregon,Investment,3,No,Agency
C0011,Individual,Laci,Guerra,6/17/1956,F,USA,California,Home,2,Yes,Website
C0012,Company,Kylax,Co,4/25/1975,M,USA,California,Investment,5,No,Website
C0013,Individual,Harley,Lucero,08-10-1962,M,USA,California,Home,1,Yes,Website
C0014,Company,Esther,Co,07-10-1980,M,USA,California,Home,3,Yes,Website
C0015,Individual,Jaylynn,Hickman,8/19/1941,F,USA,California,Home,5,No,Client
C0016,Individual,Olivia,Oconnell,09-03-1939,F,USA,California,Investment,5,No,Website
C0017,Individual,Antonio,Porter,01-08-1977,M,USA,Arizona,Home,3,No,Client
C0018,Individual,Luke,Lynn,02-07-1967,M,USA,California,Home,2,Yes,Agency
C0019,Individual,Anahi,Curry,09-09-1957,M,USA,California,Home,5,Yes,Client
C0020,Individual,Camille,Sharp,10/17/1967,F,USA,California,Home,5,No,Website
C0021,Individual,Jesus,Obrien,06-09-1938,M,USA,Oregon,Investment,3,No,Website
C0022,Individual,Araceli,Nelson,9/14/1966,M,Germany,Berlin,Investment,5,No,Agency
C0023,Individual,Cole,Taylor,12-06-1958,M,USA,California,Home,3,Yes,Website
C0024,Individual,Alonso,Terrell,11-05-1963,M,USA,California,Investment,4,No,Website
C0025,Individual,Rodolfo,Gibson,1/20/1937,M,USA,Nevada,Home,2,Yes,Website
C0026,Individual,Joseph,Reeves,9/23/1962,M,USA,California,Investment,5,No,Website
C0027,Individual,Grant,Weber,09-08-1968,M,USA,California,Home,5,Yes,Website
C0028,Individual,Ava,Phelps,4/15/1958,F,USA,California,Home,3,No,Client
C0029,Individual,Kyla,Walker,2/26/1976,F,USA,Colorado,Home,4,Yes,Agency
C0030,Individual,Alanna,Hess,6/19/1952,F,USA,Nevada,Home,3,No,Website
C0031,Individual,Skylar,Buchanan,12/25/1977,M,USA,Nevada,Home,4,Yes,Website
C0032,Individual,Rodrigo,Robinson,08-11-1966,M,USA,California,Home,4,No,Website
C0033,Individual,Lydia,Tate,8/14/1968,F,USA,California,Home,3,Yes,Website
C0034,Individual,Lauryn,Patrick,10/30/1969,F,Belgium,Brussels,Home,2,No,Agency
C0035,Individual,Diego,Mendez,05-12-1965,M,Mexico,Mexico City,Home,3,No,Agency
C0036,Individual,Victor,Jensen,09-01-1973,M,USA,California,Home,4,No,Website
C0037,Individual,Scarlet,Hendricks,1/20/1962,F,USA,California,Home,5,Yes,Website
C0038,Individual,Janelle,Espinoza,12/25/1974,F,USA,California,Investment,4,No,Client
C0039,Individual,Aleksandra,Karenina,6/13/1967,F,Russia,Krasnodar Krai,Home,1,No,Agency
C0040,Individual,Conner,Huff,3/22/1975,M,USA,Nevada,Home,5,No,Website
C0041,Individual,Zain,Horne,4/13/1967,M,USA,Arizona,Home,1,Yes,Website
C0042,Individual,Maia,Chandler,08-12-1975,F,USA,Utah,Home,1,Yes,Website
C0043,Individual,Jordyn,Park,04-04-1965,M,USA,Nevada,Investment,3,Yes,Website
C0044,Individual,Diana,Hunt,2/13/1931,F,USA,Arizona,Home,3,No,Website
C0045,Individual,Kevin,Mata,10-12-1968,M,USA,Colorado,Investment,2,No,Agency
C0046,Individual,Brisa,Mckee,9/24/1964,F,USA,California,Home,5,No,Client
C0047,Individual,Mason,Gilbert,7/31/1970,M,USA,Colorado,Home,2,No,Agency
C0048,Individual,Derick,Li,3/20/1957,M,USA,California,Home,3,Yes,Agency
C0049,Individual,Jace,Riggs,8/20/1971,F,USA,California,Home,1,No,Website
C0050,Individual,Jair,Johns,03-05-1940,M,USA,California,Home,5,No,Website
C0051,Individual,Matilda,Madden,03-03-1941,F,USA,Colorado,Home,3,No,Agency
C0052,Individual,Myla,Ewing,02-03-1967,F,USA,Oregon,Investment,2,No,Client
C0053,Individual,Miguel,Walter,01-07-1954,M,USA,Arizona,Home,4,No,Agency
C0054,Company,Bridger CAL,Co,2/15/1967,M,USA,Nevada,Investment,5,No,Website
C0055,Individual,Mara,Franco,06-07-1973,F,USA,California,Home,5,Yes,Agency
C0056,Individual,Erik,Mora,12-07-1964,M,USA,Oregon,Investment,5,No,Agency
C0057,Individual,Henry,Kennedy,06-08-1933,M,USA,California,Home,4,Yes,Agency
C0058,Company,Kenyon,Co,05-03-1969,F,USA,California,Investment,1,Yes,Website
C0059,Individual,Oswaldo,Palmer,6/16/1960,M,USA,California,Home,2,No,Website
C0060,Individual,Kassidy,Vega,05-07-1972,F,USA,California,Home,5,No,Website
C0061,Individual,Morgan,Glass,05-12-1967,M,USA,Utah,Home,5,No,Agency
C0062,Individual,Tyler,Carr,3/27/1974,M,USA,California,Home,5,Yes,Client
C0063,Individual,Yesenia,Marquez,7/23/1942,F,USA,Arizona,Home,4,No,Website
C0064,Individual,Gordon,Brown,02-10-1974,M,UK,Northern Ireland,Investment,4,No,Agency
C0065,Individual,Rodrigo,Ramirez,3/26/1972,M,USA,California,Home,1,No,Agency
C0066,Individual,Melanie,Holland,12/25/1974,F,USA,California,Investment,3,No,Client
C0067,Individual,Enrique,Cardenas,06-10-1977,M,USA,California,Home,2,No,Website
C0068,Individual,Helen,Williamson,2/26/1966,F,USA,Colorado,Home,5,Yes,Agency
C0069,Individual,Isis,Rios,04-01-1970,M,USA,California,Investment,4,No,Website
C0070,Individual,Kayley,Nielsen,4/27/1947,F,USA,Arizona,Home,4,Yes,Website
C0071,Individual,Donavan,Flowers,12/27/1985,M,USA,California,Home,1,Yes,Client
C0072,Individual,Augustus,Hinton,02-03-1953,M,USA,Nevada,Investment,2,No,Website
C0073,Individual,Alejandra,Greer,01-11-1965,F,Denmark,Capital Region,Investment,1,No,Agency
C0074,Individual,Violet,Nixon,01-01-1959,F,USA,Oregon,Investment,5,No,Client
C0075,Individual,Jaelyn,Berger,05-05-1970,F,USA,California,Home,3,No,Website
C0076,Individual,Tristian,Fuller,3/13/1956,M,USA,California,Home,5,No,Agency
C0077,Individual,Christian,Costa,9/14/1980,M,USA,California,Home,5,No,Website
C0078,Individual,Nora,Lynch,4/23/1948,F,USA,California,Home,5,No,Website
C0079,Individual,Dangelo,Shea,2/27/1954,M,Belgium,Brussels,Investment,4,No,Website
C0080,Individual,Aiyana,Christensen,1/16/1949,F,USA,California,Investment,3,No,Website
C0081,Individual,Sidney,Cline,7/24/1943,F,USA,California,Home,4,Yes,Website
C0082,Individual,Kaitlin,Owen,12/26/1981,F,USA,Virginia,Investment,5,No,Client
C0083,Individual,Issac,Edwards,10/29/1938,M,USA,California,Home,5,No,Website
C0084,Individual,Zaiden,Merritt,2/23/1948,M,USA,Wyoming,Home,3,No,Agency
C0085,Individual,Iris,Larsen,9/14/1966,M,USA,California,Home,4,Yes,Agency
C0086,Individual,Grace,Stein,12/20/1968,F,USA,California,Home,3,Yes,Website
C0087,Individual,Alessandra,Perry,5/15/1979,F,USA,California,Home,4,No,Agency
C0088,Individual,Jamal,Mueller,8/13/1936,M,USA,Oregon,Investment,2,No,Website
C0089,Individual,Irvin,Ellis,11/14/1949,M,USA,California,Home,3,No,Agency
C0090,Individual,Terry,Forbes,5/27/1982,M,USA,California,Home,5,No,Client
C0091,Individual,Jacqueline,Grant,11/13/1959,F,USA,California,Home,4,No,Website
C0092,Individual,Brock,Fischer,5/29/1971,M,USA,Kansas,Home,3,No,Website
C0093,Individual,Curtis,Howard,09-11-1962,M,USA,California,Home,2,No,Agency
C0094,Individual,Avah,Huang,4/23/1948,F,USA,California,Home,5,No,Website
C0095,Individual,Frank,Meyer,3/16/1964,M,USA,California,Home,3,Yes,Agency
C0096,Individual,Darien,Dorsey,12/27/1985,M,USA,California,Investment,3,Yes,Website
C0097,Individual,Franklin,Mack,6/18/1943,M,USA,Virginia,Home,5,Yes,Website
C0098,Individual,Elena,Petrova,6/22/1949,F,Russia,Saint Petersburg,Home,3,Yes,Agency
C0099,Individual,Jack,Hanson,12-01-1941,M,USA,California,Investment,4,No,Website
C0100,Individual,Emmett,Estes,06-05-1969,M,USA,California,Home,3,No,Website
C0101,Individual,Aniya,Miller,03-02-1951,F,USA,Nevada,Home,3,No,Website
C0102,Individual,Jack,Anderson,2/13/1947,M,USA,California,Investment,5,Yes,Website
C0103,Individual,Kael,Hurley,12/15/1973,M,USA,Colorado,Home,3,No,Website
C0104,Individual,Kamden,Stewart,9/14/1978,M,USA,California,Home,5,No,Website
C0105,Individual,Aniyah,Ali,11-03-1959,F,USA,California,Investment,2,Yes,Website
C0106,Individual,Simon,Bennett,06-09-1953,M,USA,Colorado,Home,4,No,Website
C0107,Individual,Laurel,Benitez,08-06-1959,M,USA,California,Home,4,Yes,Agency
C0108,Individual,Trey,Strong,12/20/1958,M,USA,California,Home,4,No,Agency
C0109,Individual,Myah,Roman,05-05-1933,F,USA,California,Investment,5,Yes,Agency
C0110,Individual,Nyla,Blake,06-05-1959,F,USA,California,Investment,5,Yes,Agency
C0111,Individual,Kole,Shannon,6/27/1979,M,USA,Arizona,Home,2,Yes,Website
C0112,Individual,Melany,Glover,10-01-1960,F,USA,California,Investment,1,Yes,Agency
C0113,Individual,Arthur,Bray,7/14/1949,M,USA,Utah,Investment,4,No,Agency
C0114,Individual,Kamila,Collier,1/21/1962,F,USA,California,Home,1,Yes,Website
C0115,Individual,Amanda,Simon,12-03-1978,F,USA,California,Home,5,No,Agency
C0116,Individual,Erika,Steward,08-07-1955,F,USA,California,Investment,4,No,Website
C0117,Individual,Jakobe,Bailey,10-06-1964,M,UK,Scotland,Investment,4,No,Agency
C0118,Individual,Sonia,Choi,11-09-1948,F,USA,Oregon,Investment,5,No,Agency
C0119,Individual,Erika,Gallagher,7/19/1942,F,USA,California,Home,1,Yes,Website
C0120,Individual,Madeline,Michael,7/30/1953,F,USA,California,Home,4,Yes,Website
C0121,Individual,Bennett,Chen,7/18/1950,M,USA,Nevada,Home,2,No,Website
C0122,Individual,Belinda,Hogan,8/18/1973,F,USA,California,Home,1,Yes,Agency
C0123,Individual,Johanna,Fisher,8/25/1962,F,USA,California,Home,4,Yes,Website
C0124,Individual,Jaylen,Turner,7/15/1963,F,USA,California,Home,4,No,Agency
C0125,Individual,Michael,Juarez,12/25/1976,M,USA,Colorado,Home,4,Yes,Agency
C0126,Individual,Adriana,Shaffer,07-11-1972,F,USA,California,Investment,2,No,Agency
C0127,Individual,Julio,Leonard,7/18/1974,M,USA,Nevada,Home,2,Yes,Website
C0128,Company,Abdiel,Co,5/22/1963,M,USA,Nevada,Investment,5,Yes,Website
C0129,Individual,Warren,Pugh,7/17/1973,M,USA,Arizona,Investment,5,No,Website
C0130,Individual,Luis,Crane,4/20/1959,M,USA,Nevada,Home,3,Yes,Website
C0131,Individual,Mohammad,Irwin,12-02-1971,M,USA,California,Home,1,No,Website
C0132,Individual,Davion,Stout,7/20/1965,M,USA,Nevada,Home,1,Yes,Agency
C0133,Individual,Logan,Simmons,9/14/1946,M,USA,California,Investment,4,No,Agency
C0134,Individual,Kaylin,Villarreal,6/13/1932,F,Russia,Novosibirsk,Investment,3,No,Website
C0135,Individual,Ruben,Melton,03-05-1939,M,USA,Utah,Investment,2,No,Agency
C0136,Individual,Gianni,Fritz,9/15/1973,M,USA,California,Home,3,No,Website
C0137,Individual,Emilie,Morrison,10/29/1957,F,USA,California,Home,3,Yes,Website
C0138,Individual,Crystal,Wyatt,6/30/1939,F,USA,Oregon,Investment,3,Yes,Website
C0139,Individual,Annabel,Robles,10/14/1969,F,USA,California,Home,5,Yes,Website
C0140,Individual,Rachel,Cross,6/18/1952,F,USA,California,Home,3,No,Website
C0141,Individual,Madalyn,Mercer,6/21/1986,F,USA,California,Home,5,No,Website
C0142,Individual,Michelle,Cameron,06-04-1978,F,USA,Nevada,Home,3,Yes,Website
C0143,Individual,Ezra,Lozano,2/24/1958,M,USA,California,Home,1,No,Website
C0144,Individual,Ramiro,Oneill,9/29/1954,M,USA,California,Home,4,No,Agency
C0145,Individual,Emely,Watts,11/30/1964,F,USA,California,Home,4,No,Website
C0146,Individual,Hazel,Ayers,02-01-1963,M,USA,Colorado,Home,2,No,Website
C0147,Individual,Cedric,Goodwin,2/20/1948,M,USA,Utah,Home,4,No,Client
C0148,Individual,Dayton,Hatfield,4/19/1969,M,USA,Colorado,Investment,4,Yes,Agency
C0149,Individual,Piotr,Aleksandrov,12-02-1955,M,Russia,Krasnodar Krai,Investment,3,No,Agency
C0150,Individual,Memphis,Mcconnell,8/25/1968,M,USA,California,Home,2,Yes,Website
C0151,Individual,Arabella,Ferrell,8/17/1976,F,USA,Oregon,Home,1,No,Agency
C0152,Individual,Sincere,Hansen,1/19/1967,F,USA,California,Investment,2,Yes,Agency
C0153,Individual,Lara,Carrillo,2/24/1983,F,USA,California,Home,5,No,Website
C0154,Individual,Valentina,Simpson,1/24/1965,F,USA,California,Home,4,Yes,Agency
C0155,Company,Kamd,Co,8/18/1975,M,USA,California,Investment,5,No,Agency
C0156,Individual,Case,Sanchez,5/26/1966,F,USA,California,Home,5,No,Website
C0157,Individual,Van,Charles,5/15/1952,M,USA,Colorado,Home,2,Yes,Client
C0158,Individual,Emmy,Singh,12-03-1979,F,USA,Virginia,Investment,3,Yes,Agency
C0159,Individual,Colin,Campos,4/14/1942,M,USA,California,Home,3,No,Website
C0160,Individual,Anya,Stephenson,06-11-1959,F,USA,California,Home,4,No,Website
C0161,Individual,Parker,Poole,11-10-1951,M,USA,California,Home,5,No,Website
C0162,Individual,Ivan,Bright,9/15/1953,M,USA,California,Home,4,No,Website
C0163,Individual,Larry,Turner,3/24/1986,M,USA,Utah,Investment,5,Yes,Agency
C0164,Individual,Matthew,Nelson,9/20/1986,M,USA,Arizona,Home,5,No,Website
C0165,Individual,Mary,Hall,07-11-1956,F,USA,California,Home,3,Yes,Website
C0166,Individual,Carolyn,Weaver,1/24/1984,F,USA,Arizona,Home,4,Yes,Agency
C0167,Individual,Grace,Green,02-02-1955,F,UK,Scotland,Home,3,Yes,Website
C0168,Individual,Pamela,Sanders,06-06-1960,F,USA,Nevada,Home,3,No,Agency
C0169,Individual,Terry,Turner,8/13/1990,M,USA,Ohio,Investment,5,Yes,Agency
C0170,Individual,Jacob,Jones,6/13/1949,M,USA,California,Home,5,No,Website
C0171,Individual,Julie,Sanders,05-05-1991,F,USA,Washington,Investment,5,Yes,Client
C0172,Individual,Catherine,Carter,9/16/1992,F,USA,Washington,Home,1,Yes,Agency
C0173,Individual,Amber,Wilson,7/20/1976,F,USA,Arizona,Home,5,Yes,Agency
C0174,Individual,Rachel,Harris,07-06-1982,F,USA,California,Investment,3,No,Client
C0175,Individual,Brandon,Alexander,04-05-1962,M,USA,Washington,Home,5,No,Agency
C0176,Individual,Hannah,Williams,6/27/1993,F,USA,California,Home,2,No,Website
C0177,Individual,Sarah,Hansen,03-05-1951,F,UK,England,Home,5,Yes,Website
C0178,Individual,Laura,Chavez,12/23/1952,F,USA,Virginia,Home,4,No,Agency
C0179,Individual,Ashley,Turner,02-11-1986,F,USA,Oregon,Investment,2,No,Website
C0180,Individual,Jacob,Wilson,1/28/1943,M,USA,California,Home,2,Yes,Agency
C0181,Individual,Lawrence,Peterson,4/26/1970,M,USA,Texas,Home,2,Yes,Website
C0182,Individual,Virginia,Bennett,12-02-1971,F,Germany,North Rhine-Westphalia,Investment,1,Yes,Website
C0183,Individual,Nicholas,Green,9/15/1988,M,USA,Nevada,Home,3,No,Website
C0184,Individual,Peter,Pierce,1/21/1994,M,USA,Florida,Home,1,No,Website
C0185,Individual,Andrea,Nelson,07-02-1945,F,USA,Nevada,Home,4,Yes,Agency
C0186,Individual,Carol,Green,04-02-1982,F,USA,Virginia,Home,1,No,Website
C0187,Individual,Cheryl,Kim,1/17/1990,F,USA,Florida,Home,1,No,Website
C0188,Individual,Jose,Martin,10-08-1940,M,USA,Oregon,Home,5,Yes,Website
C0189,Individual,Anna,Adams,12-11-1958,F,USA,California,Home,2,No,Agency
C0190,Individual,Karen,Johnson,10/19/1971,F,USA,California,Home,2,No,Website
C0191,Individual,Sarah,Turner,05-06-1977,F,USA,Florida,Home,3,No,Agency
C0192,Individual,Margaret,Moore,02-04-1984,F,Belgium,Brussels,Investment,2,Yes,Website
C0193,Individual,Sharon,Campbell,08-09-1968,F,USA,California,Investment,4,Yes,Website
C0194,Individual,Jonathan,Hall,8/18/1953,M,France,Ile-de-France,Home,5,Yes,Website
C0195,Individual,Sean,Jones,6/19/1947,M,USA,California,Home,2,Yes,Website
C0196,Individual,Alexander,Adams,4/22/1957,M,USA,Nevada,Investment,5,No,Agency
C0197,Individual,Kevin,Wright,07-01-1944,M,USA,Virginia,Home,4,No,Client
C0198,Individual,Michelle,White,1/28/1976,F,USA,California,Home,4,No,Website
C0199,Individual,Ryan,Brown,4/13/1958,M,USA,California,Home,3,No,Agency
C0200,Individual,Linda,Harris,05-06-1944,F,USA,California,Home,1,No,Agency
